Originated,Translation
A0A,H5
A0B,H5
A0C,H5
A0E,H5
A0G,H5
A0H,H5
A0J,H5
A0K,H5
A0K (Air Stage/Omnibus),J2
A0L,H5
A0M,H5
A0N,H5
A0P,D1
A0P (Air Stage/Omnibus),J2
A0R,D1
A1A,G1
A1B,G1
A1C,G1
A1E,G1
A1G,G1
A1H,G1
A1K,H5
A1L,H5
A1M,H5
A1N,G1
A1S,H5
A1V,H5
A1W,H5
A1X,H5
A1Y,H5
A2A,H5
A2B,H5
A2H,H5
A2N,H5
A2V,D1
A5A,H5
A8A,H5
B0C,F3
B0E,F3
B0H,F3
B0J,F3
B0K,F3
B0L,F3
B0M,F3
B0N,F3
B0P,F3
B0R,F3
B0S,F3
B0T,F3
B0V,F3
B0W,F3
B1A,F1
B1B,F1
B1C,F1
B1E,F1
B1G,F1
B1H,F1
B1J,F1
B1K,F1
B1L,F1
B1M,E1
B1N,E1
B1P,E1
B1R,E1
B1S,E1
B1T,F1
B1V,F1
B1W,F1
B1X,F1
B1Y,F1
B2A,F1
B2C,F1
B2E,F1
B2G,F1
B2H,F1
B2J,F1
B2N,F1
B2R,F1
B2S,F1
B2T,F1
B2V,E1
B2W,E1
B2X,E1
B2Y,E1
B2Z,E1
B3A,E1
B3B,E1
B3E,F1
B3G,F1
B3H,E1
B3J,E1
B3K,E1
B3L,E1
B3M,E1
B3N,E1
B3P,E1
B3R,E1
B3S,E1
B3T,E1
B3V,E1
B3Z,E1
B4A,E1
B4B,E1
B4C,E1
B4E,E1
B4G,E1
B4H,F1
B4N,F1
B4P,F1
B4R,F1
B4V,F1
B5A,F1
B6L,F1
B9A,F1
C0A,F3
C0B,F3
C1A,E1
C1B,E1
C1C,E1
C1E,E1
C1N,F1
E1A,E1
E1B,E1
E1C,E1
E1E,E1
E1G,E1
E1H,E1
E1J,E1
E1N,F1
E1V,F1
E1W,F3
E1X,F3
E2A,F1
E2E,E1
E2G,E1
E2H,E1
E2J,E1
E2K,E1
E2L,E1
E2M,E1
E2N,E1
E2P,E1
E2R,E1
E2S,E1
E2V,F1
E3A,E1
E3B,E1
E3C,E1
E3E,E1
E3G,E1
E3L,F1
E3N,F1
E3V,F1
E3Y,F3
E3Z,F3
E4A,F3
E4B,F3
E4C,F3
E4E,F3
E4G,F3
E4H,F3
E4J,F3
E4K,F3
E4L,F3
E4M,F3
E4N,F3
E4P,F3
E4R,F3
E4S,F3
E4T,F3
E4V,F3
E4W,F3
E4X,F3
E4Y,F3
E4Z,F3
E5A,F3
E5B,F3
E5C,F3
E5E,F3
E5G,F3
E5H,F3
E5J,F3
E5K,F3
E5L,F3
E5M,F3
E5N,F3
E5P,F3
E5R,F3
E5S,F3
E5T,F3
E5V,F3
E6A,F3
E6B,F3
E6C,F3
E6E,F3
E6G,F3
E6H,F3
E6J,F3
E6K,F3
E6L,F3
E7A,F3
E7B,F3
E7C,F3
E7E,F3
E7G,F3
E7H,F3
E7J,F3
E7K,F3
E7L,F3
E7M,F3
E7N,F3
E7P,F3
E8A,F3
E8B,F3
E8C,F3
E8E,F3
E8G,F3
E8J,F3
E8K,F3
E8L,F3
E8M,F3
E8N,F3
E8P,F3
E8R,F3
E8S,F3
E8T,F3
E9A,F3
E9B,F3
E9C,F3
E9E,F3
E9G,F3
E9H,F3
G0A,D1
G0C,D1
G0E,D1
G0G,D1
G0G (Air Stage/Omnibus),J2
G0H,D1
G0J,D1
G0K,D1
G0L,D1
G0M,D1
G0N,D1
G0P,D1
G0R,D1
G0S,D1
G0T,D1
G0V,D1
G0W,D1
G0X,D1
G0Y,D1
G0Z,D1
G1A,B1
G1B,B1
G1C,B1
G1E,B1
G1G,B1
G1H,B1
G1J,B1
G1K,B1
G1L,B1
G1M,B1
G1N,B1
G1P,B1
G1R,B1
G1S,B1
G1T,B1
G1V,B1
G1W,B1
G1X,B1
G1Y,B1
G2A,B1
G2B,B1
G2C,B1
G2E,B1
G2G,B1
G2J,B1
G2K,B1
G2L,B1
G2M,B1
G2N,B1
G3A,B1
G3B,B1
G3C,B1
G3E,B1
G3G,B1
G3H,D1
G3J,B1
G3K,B1
G3L,D1
G3M,D1
G3N,D1
G3Z,D1
G4A,D1
G4R,D1
G4S,D1
G4T,D1
G4V,D1
G4W,D1
G4X,D1
G4Z,D1
G5A,D1
G5B,D1
G5C,D1
G5H,D1
G5J,D1
G5L,D1
G5M,D1
G5N,D1
G5R,D1
G5T,D1
G5V,D1
G5X,D1
G5Y,D1
G5Z,D1
G6A,D1
G6B,D1
G6C,D1
G6E,D1
G6G,D1
G6H,D1
G6J,D1
G6K,D1
G6L,D1
G6P,D1
G6R,D1
G6S,D1
G6T,D1
G6V,B1
G6W,B1
G6X,B1
G6Y,B1
G6Z,D1
G7A,D1
G7B,B3
G7G,B3
G7H,B3
G7J,B3
G7K,B3
G7N,D1
G7P,D1
G7S,B3
G7T,B3
G7X,B3
G7Y,B3
G7Z,B3
G8A,B3
G8B,D1
G8C,D1
G8E,D1
G8G,D1
G8H,D1
G8J,D1
G8K,D1
G8L,D1
G8M,D1
G8N,D1
G8P,D1
G8T,D1
G8V,D1
G8W,D1
G8Y,B3
G8Z,B3
G9A,B3
G9B,B3
G9C,B3
G9H,D1
G9N,D1
G9P,D1
G9R,D1
G9T,D1
G9X,D1
H0M,D1
H0R,A3
H1A,A3
H1B,A3
H1C,A3
H1E,A3
H1G,A3
H1H,A3
H1J,A3
H1K,A3
H1L,A3
H1M,A3
H1N,A3
H1P,A3
H1R,A3
H1S,A3
H1T,A3
H1V,A3
H1W,A3
H1X,A3
H1Y,A3
H1Z,A3
H2A,A3
H2B,A3
H2C,A3
H2E,A3
H2G,A3
H2H,A3
H2J,A3
H2K,A3
H2L,A3
H2M,A3
H2N,A3
H2P,A3
H2R,A3
H2S,A3
H2T,A3
H2V,A3
H2W,A3
H2X,A3
H2Y,A3
H2Z,A3
H3A,A3
H3B,A3
H3C,A3
H3E,A3
H3G,A3
H3H,A3
H3J,A3
H3K,A3
H3L,A3
H3M,A3
H3N,A3
H3P,A3
H3R,A3
H3S,A3
H3T,A3
H3V,A3
H3W,A3
H3X,A3
H3Y,A3
H3Z,A3
H4A,A3
H4B,A3
H4C,A3
H4E,A3
H4G,A3
H4H,A3
H4J,A3
H4K,A3
H4L,A3
H4M,A3
H4N,A3
H4P,A3
H4R,A3
H4S,A3
H4T,A3
H4V,A3
H4W,A3
H4X,A3
H4Y,A3
H4Z,A3
H5A,A3
H5B,A3
H7A,A3
H7B,A3
H7C,A3
H7E,A3
H7G,A3
H7H,A3
H7J,A3
H7K,A3
H7L,A3
H7M,A3
H7N,A3
H7P,A3
H7R,A3
H7S,A3
H7T,A3
H7V,A3
H7W,A3
H7X,A3
H7Y,A3
H8N,A3
H8P,A3
H8R,A3
H8S,A3
H8T,A3
H8Y,A3
H8Z,A3
H9A,A3
H9B,A3
H9C,A3
H9E,A3
H9G,A3
H9H,A3
H9J,A3
H9K,A3
H9P,A3
H9R,A3
H9S,A3
H9W,A3
H9X,A3
J0A,D1
J0B,D1
J0C,D1
J0E,D1
J0G,D1
J0H,D1
J0J,D1
J0K,D1
J0L,D1
J0M,D1
J0M (Air Stage/Omnibus),J2
J0N,D1
J0P,D1
J0R,D1
J0S,D1
J0T,D1
J0V,D1
J0W,D1
J0X,D1
J0Y,D1
J0Z,D1
J1A,D1
J1C,B3
J1E,B3
J1G,B3
J1H,B3
J1J,B3
J1K,B3
J1L,B3
J1M,B3
J1N,B3
J1R,B3
J1S,D1
J1T,D1
J1X,D1
J1Z,D1
J2A,D1
J2B,D1
J2C,D1
J2E,D1
J2G,D1
J2H,D1
J2J,D1
J2K,D1
J2L,D1
J2M,D1
J2N,D1
J2R,D1
J2S,D1
J2T,D1
J2W,D1
J2X,D1
J2Y,D1
J3A,D1
J3B,D1
J3E,A3
J3G,D1
J3H,D1
J3L,D1
J3M,D1
J3N,D1
J3P,D1
J3R,D1
J3T,D1
J3V,A3
J3X,A3
J3Y,A3
J3Z,A3
J4B,A3
J4G,A3
J4H,A3
J4J,A3
J4K,A3
J4L,A3
J4M,A3
J4N,A3
J4P,A3
J4R,A3
J4S,A3
J4T,A3
J4V,A3
J4W,A3
J4X,A3
J4Y,A3
J4Z,A3
J5A,A3
J5B,D1
J5C,D1
J5J,D1
J5K,D1
J5L,A3
J5M,D1
J5R,A3
J5T,D1
J5V,D1
J5W,D1
J5X,A3
J5Y,A3
J5Z,A3
J6A,A3
J6E,A3
J6J,A3
J6K,A3
J6N,A3
J6R,A3
J6S,A3
J6T,A3
J6V,A3
J6W,A3
J6X,A3
J6Y,A3
J6Z,A3
J7A,A3
J7B,A3
J7C,A3
J7E,A3
J7G,A3
J7H,A3
J7J,D1
J7K,D1
J7L,D1
J7M,D1
J7N,D1
J7P,A3
J7R,A3
J7T,A3
J7V,A3
J7W,A3
J7X,D1
J7Y,D1
J7Z,D1
J8A,D1
J8B,D1
J8C,D1
J8E,D1
J8G,D1
J8H,D1
J8L,B1
J8M,D1
J8N,D1
J8P,B1
J8R,B1
J8T,B1
J8V,B1
J8X,B1
J8Y,B1
J8Z,B1
J9A,B1
J9B,D1
J9E,D1
J9H,B1
J9J,B1
J9L,D1
J9P,D1
J9T,D1
J9V,D1
J9X,D1
J9Y,D1
J9Z,D1
K0A,D1
K0B,D1
K0C,D1
K0E,D1
K0G,D1
K0H,D1
K0J,D1
K0K,D1
K0L,D1
K0M,D1
K1A,B1
K1B,B1
K1C,B1
K1E,B1
K1G,B1
K1H,B1
K1J,B1
K1K,B1
K1L,B1
K1M,B1
K1N,B1
K1P,B1
K1R,B1
K1S,B1
K1T,B1
K1V,B1
K1W,B1
K1X,B1
K1Y,B1
K1Z,B1
K2A,B1
K2B,B1
K2C,B1
K2E,B1
K2G,B1
K2H,B1
K2J,B1
K2K,B1
K2L,B1
K2M,B1
K2P,B1
K2R,B1
K2S,D1
K2T,B1
K2V,B1
K2W,B1
K4A,B1
K4B,B1
K4C,B1
K4K,B1
K4M,B1
K4P,B1
K4R,D1
K6A,D1
K6H,D1
K6J,D1
K6K,D1
K6T,D1
K6V,D1
K7A,D1
K7C,D1
K7G,D1
K7H,D1
K7K,B3
K7L,B3
K7M,B3
K7N,B3
K7P,B3
K7R,D1
K7S,D1
K7V,D1
K8A,D1
K8B,D1
K8H,D1
K8N,B3
K8P,B3
K8R,B3
K8V,D1
K9A,D1
K9H,B3
K9J,B3
K9K,B3
K9L,B3
K9V,D1
L0A,D1
L0B,D1
L0C,D1
L0E,D1
L0G,D1
L0H,B1
L0J,B1
L0K,D1
L0L,D1
L0M,D1
L0N,D1
L0P,D1
L0R,D1
L0S,D1
L1A,D1
L1B,D1
L1C,D1
L1E,D1
L1G,B1
L1H,B1
L1J,B1
L1K,B1
L1L,B1
L1M,B1
L1N,B1
L1P,B1
L1R,B1
L1S,B1
L1T,B1
L1V,B1
L1W,B1
L1X,B1
L1Y,B1
L1Z,B1
L2A,D1
L2E,B3
L2G,B3
L2H,B3
L2J,B3
L2M,B3
L2N,B3
L2P,B3
L2R,B3
L2S,B3
L2T,B3
L2V,B3
L2W,B3
L3B,D1
L3C,D1
L3K,D1
L3M,D1
L3P,B1
L3R,B1
L3S,B1
L3T,B1
L3V,D1
L3X,B1
L3Y,B1
L3Z,D1
L4A,B1
L4B,B1
L4C,B1
L4E,B1
L4G,B1
L4H,B1
L4J,B1
L4K,B1
L4L,B1
L4M,D1
L4N,D1
L4P,D1
L4R,D1
L4S,B1
L4T,B1
L4V,B1
L4W,B1
L4X,B1
L4Y,B1
L4Z,B1
L5A,B1
L5B,B1
L5C,B1
L5E,B1
L5G,B1
L5H,B1
L5J,B1
L5K,B1
L5L,B1
L5M,B1
L5N,B1
L5P,B1
L5R,B1
L5S,B1
L5T,B1
L5V,B1
L5W,B1
L6A,B1
L6B,B1
L6C,B1
L6E,B1
L6G,B1
L6H,B1
L6J,B1
L6K,B1
L6L,B1
L6M,B1
L6P,B1
L6R,B1
L6S,B1
L6T,B1
L6V,B1
L6W,B1
L6X,B1
L6Y,B1
L6Z,B1
L7A,B1
L7B,D1
L7C,D1
L7E,D1
L7G,D1
L7J,D1
L7K,D1
L7L,B3
L7M,B3
L7N,B3
L7P,B3
L7R,B3
L7S,B3
L7T,B3
L8B,B3
L8E,B3
L8G,B3
L8H,B3
L8J,B3
L8K,B3
L8L,B3
L8M,B3
L8N,B3
L8P,B3
L8R,B3
L8S,B3
L8T,B3
L8V,B3
L8W,B3
L9A,B3
L9B,B3
L9C,B3
L9E,B1
L9G,B3
L9H,B3
L9J,D1
L9K,B3
L9L,D1
L9M,D1
L9N,D1
L9P,D1
L9R,D1
L9S,D1
L9T,B1
L9V,D1
L9W,D1
L9X,D1
L9Y,D1
L9Z,D1
M0R,B1
M1B,B1
M1C,B1
M1E,B1
M1G,B1
M1H,B1
M1J,B1
M1K,B1
M1L,B1
M1M,B1
M1N,B1
M1P,B1
M1R,B1
M1S,B1
M1T,B1
M1V,B1
M1W,B1
M1X,B1
M2H,B1
M2J,B1
M2K,B1
M2L,B1
M2M,B1
M2N,B1
M2P,B1
M2R,B1
M3A,B1
M3B,B1
M3C,B1
M3H,B1
M3J,B1
M3K,B1
M3L,B1
M3M,B1
M3N,B1
M4A,B1
M4B,B1
M4C,B1
M4E,B1
M4G,B1
M4H,B1
M4J,B1
M4K,B1
M4L,B1
M4M,B1
M4N,B1
M4P,B1
M4R,B1
M4S,B1
M4T,B1
M4V,B1
M4W,B1
M4X,B1
M4Y,B1
M5A,B1
M5B,B1
M5C,B1
M5E,B1
M5G,B1
M5H,B1
M5J,B1
M5K,B1
M5L,B1
M5M,B1
M5N,B1
M5P,B1
M5R,B1
M5S,B1
M5T,B1
M5V,B1
M5W,B1
M5X,B1
M6A,B1
M6B,B1
M6C,B1
M6E,B1
M6G,B1
M6H,B1
M6J,B1
M6K,B1
M6L,B1
M6M,B1
M6N,B1
M6P,B1
M6R,B1
M6S,B1
M7A,B1
M7R,B1
M7Y,B1
M8V,B1
M8W,B1
M8X,B1
M8Y,B1
M8Z,B1
M9A,B1
M9B,B1
M9C,B1
M9L,B1
M9M,B1
M9N,B1
M9P,B1
M9R,B1
M9V,B1
M9W,B1
N0A,D1
N0B,D1
N0C,D1
N0E,D1
N0G,D1
N0H,D1
N0J,D1
N0K,D1
N0L,D1
N0M,D1
N0N,D1
N0P,D1
N0R,D1
N1A,D1
N1C,B3
N1E,B3
N1G,B3
N1H,B3
N1K,B3
N1L,B3
N1M,D1
N1P,B3
N1R,B3
N1S,B3
N1T,B3
N2A,B3
N2B,B3
N2C,B3
N2E,B3
N2G,B3
N2H,B3
N2J,B3
N2K,B3
N2L,B3
N2M,B3
N2N,B3
N2P,B3
N2R,B3
N2T,B3
N2V,B3
N2Z,D1
N3A,D1
N3B,D1
N3C,B3
N3E,B3
N3H,B3
N3L,B3
N3P,B3
N3R,B3
N3S,B3
N3T,B3
N3V,B3
N3W,D1
N3Y,D1
N4B,D1
N4G,D1
N4K,D1
N4L,D1
N4N,D1
N4S,D1
N4T,D1
N4V,D1
N4W,D1
N4X,D1
N4Z,D1
N5A,D1
N5C,D1
N5H,D1
N5L,D1
N5P,D1
N5R,D1
N5V,B3
N5W,B3
N5X,B3
N5Y,B3
N5Z,B3
N6A,B3
N6B,B3
N6C,B3
N6E,B3
N6G,B3
N6H,B3
N6J,B3
N6K,B3
N6L,B3
N6M,B3
N6N,B3
N6P,B3
N7A,D1
N7G,D1
N7L,D1
N7M,D1
N7S,D1
N7T,D1
N7V,D1
N7W,D1
N7X,D1
N8A,D1
N8H,D1
N8M,D1
N8N,B5
N8P,B5
N8R,B5
N8S,B5
N8T,B5
N8V,B5
N8W,B5
N8X,B5
N8Y,B5
N9A,B5
N9B,B5
N9C,B5
N9E,B5
N9G,B5
N9H,B5
N9J,B5
N9K,B5
N9V,D1
N9Y,D1
P0A,D1
P0B,D1
P0C,D1
P0E,D1
P0G,D1
P0H,D1
P0J,D1
P0K,D1
P0L,D1
P0L (Air Stage/Omnibus),J2
P0M,D1
P0N,D1
P0P,D1
P0R,D1
P0S,D1
P0T,F6
P0T (Air Stage/Omnibus),J2
P0V,F6
P0V (Air Stage/Omnibus),J2
P0W,F6
P0X,F6
P0Y,F4
P1A,B3
P1B,B3
P1C,B3
P1H,D1
P1L,D1
P1P,D1
P2A,D1
P2B,D1
P2N,D1
P3A,B3
P3B,B3
P3C,B3
P3E,B3
P3G,B3
P3L,D1
P3N,D1
P3P,D1
P3Y,D1
P4N,B3
P4P,B3
P4R,B3
P5A,D1
P5E,D1
P5N,D1
P6A,B3
P6B,B3
P6C,B3
P7A,E5
P7B,E5
P7C,E5
P7E,E5
P7G,E5
P7J,E5
P7K,E5
P7L,E5
P8N,F2
P8T,F6
P9A,F2
P9N,F2
R0A,F4
R0B,F6
R0B (Air Stage/Omnibus),J2
R0C (Air Stage/Omnibus),J2
R0C,F4
R0E,F4
R0G,F4
R0H,F4
R0J,F4
R0K,F4
R0L,F4
R0M,F4
R1A,F2
R1B,F2
R1C,E5
R1N,F2
R2C,E5
R2E,E5
R2G,E5
R2H,E5
R2J,E5
R2K,E5
R2L,E5
R2M,E5
R2N,E5
R2P,E5
R2R,E5
R2V,E5
R2W,E5
R2X,E5
R2Y,E5
R3A,E5
R3B,E5
R3C,E5
R3E,E5
R3G,E5
R3H,E5
R3J,E5
R3K,E5
R3L,E5
R3M,E5
R3N,E5
R3P,E5
R3R,E5
R3S,E5
R3T,E5
R3V,E5
R3W,E5
R3X,E5
R3Y,E5
R4A,E5
R4G,E5
R4H,E5
R4J,E5
R4K,F2
R4L,F2
R5A,F2
R5G,F2
R5H,F2
R6M,F2
R6W,F2
R7A,E5
R7B,E5
R7C,E5
R7N,F2
R8A,F2
R8N,F2
R9A,F2
S0A,H3
S0C,H3
S0E,H3
S0G,H3
S0H,H3
S0J,H3
S0J (Air Stage/Omnibus),J2
S0K,H3
S0L,H3
S0M,H3
S0N,H3
S0P,H3
S2V,H1
S3N,H1
S4A,H1
S4H,H1
S4K,G1
S4L,G1
S4M,G1
S4N,G1
S4P,G1
S4R,G1
S4S,G1
S4T,G1
S4V,G1
S4W,G1
S4X,G1
S4Y,G1
S4Z,G1
S6H,G1
S6J,G1
S6K,G1
S6V,G1
S6W,G1
S6X,G1
S7A,H3
S7B,H3
S7C,H3
S7H,G1
S7J,G1
S7K,G1
S7L,G1
S7M,G1
S7N,G1
S7P,G1
S7R,G1
S7S,G1
S7T,G1
S7V,G1
S7W,G1
S9A,H1
S9H,H1
S9V,G1
S9X,H1
T0A,H5
T0B,H5
T0C,H5
T0E,H3
T0G,H5
T0H,H5
T0H (Air Stage/Omnibus),J2
T0J,H5
T0K,H5
T0L,H3
T0M,H3
T0P,H5
T0P (Air Stage/Omnibus),J2
T0V,H5
T1A,G1
T1B,G1
T1C,G1
T1G,H1
T1H,G1
T1J,G1
T1K,G1
T1L,H3
T1M,H1
T1P,H1
T1R,H1
T1S,H1
T1V,H1
T1W,H3
T1X,G2
T1Y,G2
T1Z,G2
T2A,G2
T2B,G2
T2C,G2
T2E,G2
T2G,G2
T2H,G2
T2J,G2
T2K,G2
T2L,G2
T2M,G2
T2N,G2
T2P,G2
T2R,G2
T2S,G2
T2T,G2
T2V,G2
T2W,G2
T2X,G2
T2Y,G2
T2Z,G2
T3A,G2
T3B,G2
T3C,G2
T3E,G2
T3G,G2
T3H,G2
T3J,G2
T3K,G2
T3L,G2
T3M,G2
T3N,G2
T3P,G2
T3R,G2
T3S,G2
T3Z,G2
T4A,G2
T4B,G2
T4C,H1
T4E,H1
T4G,H1
T4H,H1
T4J,H1
T4L,H1
T4M,G1
T4N,G1
T4P,G1
T4R,G1
T4S,H1
T4T,H1
T4V,H1
T4X,H1
T5A,G2
T5B,G2
T5C,G2
T5E,G2
T5G,G2
T5H,G2
T5J,G2
T5K,G2
T5L,G2
T5M,G2
T5N,G2
T5P,G2
T5R,G2
T5S,G2
T5T,G2
T5V,G2
T5W,G2
T5X,G2
T5Y,G2
T5Z,G2
T6A,G2
T6B,G2
T6C,G2
T6E,G2
T6G,G2
T6H,G2
T6J,G2
T6K,G2
T6L,G2
T6M,G2
T6N,G2
T6P,G2
T6R,G2
T6S,G2
T6T,G2
T6V,G2
T6W,G2
T6X,G2
T7A,H1
T7E,H1
T7N,H1
T7P,H1
T7S,H1
T7V,H1
T7X,H1
T7Y,H1
T7Z,H1
T8A,G2
T8B,G2
T8C,G2
T8E,G2
T8G,G2
T8H,G2
T8L,H1
T8N,G2
T8R,H1
T8S,H1
T8T,G2
T8V,H1
T8W,H1
T8X,H1
T9A,H1
T9C,H1
T9E,H1
T9G,H1
T9H,H3
T9J,H3
T9K,H3
T9M,H1
T9N,H1
T9S,H1
T9V,G1
T9W,H1
T9X,H1
V0A,H3
V0B,H3
V0C,H5
V0E,H3
V0G,H3
V0H,H3
V0J,H5
V0J (Air Stage/Omnibus),J2
V0K,H5
V0L,H5
V0M,H5
V0N,H3
V0N (Air Stage/Omnibus),J2
V0P,H3
V0P (Air Stage/Omnibus),J2
V0R,H3
V0R (Air Stage/Omnibus),J2
V0S,H3
V0T,H5
V0T (Air Stage/Omnibus),J2
V0V,H5
V0V (Air Stage/Omnibus),J2
V0W,H5
V0X,H5
V0Y,G3
V1A,H1
V1B,G1
V1C,H1
V1E,H1
V1G,H1
V1H,G1
V1J,H1
V1K,H1
V1L,H1
V1M,G3
V1N,H1
V1P,G1
V1R,H1
V1S,G1
V1T,G1
V1V,G1
V1W,G1
V1X,G1
V1Y,G1
V1Z,G1
V2A,H1
V2B,G1
V2C,G1
V2E,G1
V2G,H1
V2H,G1
V2J,H1
V2K,G1
V2L,G1
V2M,G1
V2N,G1
V2P,G1
V2R,G1
V2S,G3
V2T,G3
V2V,G3
V2W,G3
V2X,G3
V2Y,G3
V2Z,G3
V3A,G3
V3B,G3
V3C,G3
V3E,G3
V3G,G3
V3H,G3
V3J,G3
V3K,G3
V3L,G3
V3M,G3
V3N,G3
V3R,G3
V3S,G3
V3T,G3
V3V,G3
V3W,G3
V3X,G3
V3Y,G3
V3Z,G3
V4A,G3
V4B,G3
V4C,G3
V4E,G3
V4G,G3
V4K,G3
V4L,G3
V4M,G3
V4N,G3
V4P,G3
V4R,G3
V4S,G3
V4T,G1
V4V,H1
V4W,G3
V4X,G3
V4Z,G1
V5A,G3
V5B,G3
V5C,G3
V5E,G3
V5G,G3
V5H,G3
V5J,G3
V5K,G3
V5L,G3
V5M,G3
V5N,G3
V5P,G3
V5R,G3
V5S,G3
V5T,G3
V5V,G3
V5W,G3
V5X,G3
V5Y,G3
V5Z,G3
V6A,G3
V6B,G3
V6C,G3
V6E,G3
V6G,G3
V6H,G3
V6J,G3
V6K,G3
V6L,G3
V6M,G3
V6N,G3
V6P,G3
V6R,G3
V6S,G3
V6T,G3
V6V,G3
V6W,G3
V6X,G3
V6Y,G3
V6Z,G3
V7A,G3
V7B,G3
V7C,G3
V7E,G3
V7G,G3
V7H,G3
V7J,G3
V7K,G3
V7L,G3
V7M,G3
V7N,G3
V7P,G3
V7R,G3
V7S,G3
V7T,G3
V7V,G3
V7W,G3
V7X,G3
V7Y,G3
V8A,H1
V8B,H1
V8C,H1
V8G,H1
V8J,H1
V8K,H1
V8L,H1
V8M,G1
V8N,G1
V8P,G1
V8R,G1
V8S,G1
V8T,G1
V8V,G1
V8W,G1
V8X,G1
V8Y,G1
V8Z,G1
V9A,G1
V9B,G1
V9C,G1
V9E,G1
V9G,H1
V9H,H1
V9J,H1
V9K,H1
V9L,H1
V9M,H1
V9N,H1
V9P,H1
V9R,G1
V9S,G1
V9T,G1
V9V,G1
V9W,H1
V9X,G1
V9Y,H1
V9Z,H1
X0A,H5
X0A (Air Stage/Omnibus),J2
X0B,H5
X0B (Air Stage/Omnibus),J2
X0C,H5
X0C (Air Stage/Omnibus),J2
X0E,H5
X0E (Air Stage/Omnibus),J2
X0G,H5
X1A,G1
Y0A,H5
Y0B,H5
Y0B (Air Stage/Omnibus),J2
Y1A,G1